OuterClassName,Updated,Original
__global,PreviewInput,preview_input
__global,__option_IsPreviewEnabledOption,__option_preview_option
__global,__option_WarningOption,__option_warning_option
__global,__option_IsNodeDisabledOption,__option_disable_option
__global,NodeOutput,grid_output
__global,NodeOutput,spline_output
__global,NodeOutput,splines_output
AbsoluteNode,GridInput,grid_input
ArithmeticNode,__option_IsFlippedOption,__option_flipped_option
ArithmeticNode,__option_ArithmeticOperatorOption,__option_operator_option
ArithmeticNode,GridInput,grid_input
ArithmeticNode,ValueInput,value_input
BiasNode,BiasInput,bias_input
BiasNode,GridInput,grid_input
BlendNode,__option_IsFlippedOption,__option_flipped_option
BlendNode,__option_BlendOperatorOption,__option_operator_option
BlendNode,Grid1Input,grid1_input
BlendNode,Grid2Input,grid2_input
BlurNode,GridInput,grid_input
BlurNode,IterationCountInput,iterations_input
BlurNode,RadiusInput,radius_input
CellularNoiseHeightNode,CellSizeInput,cell_size_input
CellularNoiseHeightNode,OffsetInput,offset_input
CellularNoiseHeightNode,SeedInput,seed_input
CellularNoiseHeightNode,SizeInput,size_input
CircleSplineNode,AngleDegreesInput,angle_input
CircleSplineNode,SizeInput,size_input
CircleSplineNode,VertexCountInput,vertices_input
ClampNode,GridInput,grid_input
ClampNode,MaximumInput,maximum_input
ClampNode,MinimumInput,minimum_input
ConstantHeightNode,HeightInput,height_input
ConstantHeightNode,SizeInput,size_input
ContourMultiSplineNode,GridInput,grid_input
ContourMultiSplineNode,ContourHeightInput,height_input
ContourMultiSplineNode,VertexCountInput,vertices_input
ContourSplineNode,ContourIndexInput,contour_input
ContourSplineNode,GridInput,grid_input
ContourSplineNode,ContourHeightInput,height_input
ContourSplineNode,VertexCountInput,vertices_input
CurveSplineNode,__option_CurveTypeOption,__option_type_option
CurveSplineNode,SizeInput,size_input
CurveSplineNode,VertexCountInput,vertices_input
DisplaceSplineNode,__option_DisplacementAxisOption,__option_axis_input
DisplaceSplineNode,AmplitudeInput,amplitude_input
DisplaceSplineNode,FrequencyInput,frequency_input
DisplaceSplineNode,IterationCountInput,iterations_input
DisplaceSplineNode,LinearOffsetInput,offset_input
DisplaceSplineNode,SeedInput,seed_input
DisplaceSplineNode,SplineWrapperInput,spline_input
DisplaceSplineNode,VertexCountInput,vertices_input
ExportMeshNode,__option_IgnoreZeroOption,__option_zero_option
ExportMeshNode,GridInput,grid_input
ExportMeshNode,ExportPathInput,path_input
ExportMeshNode,HeightScaleInput,scale_input
ExportSplineNode,__option_IsFlattenedOption,__option_flatten_option
ExportSplineNode,TargetObjectNameInput,name_input
ExportSplineNode,SplineWrapperInput,spline_input
ExportStampNode,GridInput,grid_input
ExportStampNode,StampNameInput,name_input
ExportStampNode,FilePathInput,path_input
ExportTerrainNode,GridInput,grid_input
ExportTerrainNode,TargetAssetNameInput,terrain_input
ExportTextureNode,GridInput,grid_input
ExportTextureNode,ExportFilePathInput,path_input
GainNode,GainInput,gain_input
GainNode,GridInput,grid_input
GradientHeightNode,GradientInput,gradient_input
GradientHeightNode,SizeInput,size_input
GrowNode,GridInput,grid_input
GrowNode,RadiusInput,radius_input
ImportSplineNode,TargetObjectNameInput,name_input
InvertNode,GridInput,grid_input
InvertNode,PivotInput,pivot_input
IslandsHeightNode,GridInput,grid_input
IsolateNode,GridInput,grid_input
IsolateNode,HeightInput,height_input
LiftNode,__option_EasingTypeOption,__option_type_option
LiftNode,GridInput,grid_input
LiftNode,MarginInput,margin_input
LiftNode,SplineWrapperInput,spline_input
LiftNode,StrengthInput,strength_input
MaskedFillNode,GridInput,grid_input
MaskedFillNode,IterationCountInput,iterations_input
MaskedFillNode,MaskGridInput,mask_input
MaskNode,GridInput,grid_input
NormalizeNode,GridInput,grid_input
OpenClosedSplineNode,__option_OperationOption,__option_operation_input
OpenClosedSplineNode,AddLastVertexInput,add_input
OpenClosedSplineNode,RemoveLastVertexInput,remove_input
OpenClosedSplineNode,SplineWrapperInput,spline_input
PerlinNoiseHeightNode,FrequencyInput,frequency_input
PerlinNoiseHeightNode,OffsetInput,offset_input
PerlinNoiseHeightNode,SeedInput,seed_input
PerlinNoiseHeightNode,SizeInput,size_input
PreviewNode,GridInput,grid_input
RadialShapeHeightNode,__option_ShapeTypeOption,__option_type_option
RadialShapeHeightNode,RadiusPercentInput,radius_input
RadialShapeHeightNode,SizeInput,size_input
RampNode,__option_RampTypeOption,__option_type_option
RampNode,CurveInput,curve_input
RampNode,GradientInput,gradient_input
RampNode,GridInput,grid_input
RangeNode,FromRangeInput,from_input
RangeNode,GridInput,grid_input
RangeNode,ToRangeInput,to_input
RebaseNode,__option_RebaseTypeOption,__option_mode_option
RebaseNode,GridInput,grid_input
RebaseNode,TargetValueInput,value_input
RelaxNode,GridInput,grid_input
RelaxNode,IterationCountInput,iterations_input
RemoveNode,GridInput,grid_input
RemoveNode,HeightInput,height_input
ReplaceNode,FromValueInput,from_input
ReplaceNode,GridInput,grid_input
ReplaceNode,ToValueInput,to_input
ResampleSplineNode,SplineWrapperInput,spline_input
ResampleSplineNode,VertexCountInput,vertices_input
ResizeNode,GridInput,grid_input
ResizeNode,PreserveScaleInput,preserve_input
ResizeNode,SizeInput,size_input
SelectSplineNode,SplineIndexInput,index_input
SelectSplineNode,SplinesWrapperInput,splines_input
SliceSplineNode,EndInput,end_input
SliceSplineNode,SplineWrapperInput,spline_input
SliceSplineNode,StartInput,start_input
SliceSplineNode,VertexCountInput,vertices_input
SlopeHeightNode,GridInput,grid_input
SmoothSplineNode,MinAngleDegreesInput,angle_input
SmoothSplineNode,IterationCountInput,iterations_input
SmoothSplineNode,SplineWrapperInput,spline_input
SpliceSplineNode,EndInput,end_input
SpliceSplineNode,SplineWrapper1Input,spline1_input
SpliceSplineNode,SplineWrapper2Input,spline2_input
SpliceSplineNode,StartInput,start_input
SpliceSplineNode,VertexCountInput,vertices_input
SplineCurvatureHeightNode,SampleCountInput,samples_input
SplineCurvatureHeightNode,SizeInput,size_input
SplineCurvatureHeightNode,SplineWrapperInput,spline_input
SplineCurvatureHeightNode,StraightThresholdInput,threshold_input
SplineHeightNode,IsCenteredInput,center_input
SplineHeightNode,ApplySplineHeightInput,edge_input
SplineHeightNode,SampleCountInput,samples_input
SplineHeightNode,SizeInput,size_input
SplineHeightNode,SplineWrapperInput,spline_input
SplineVoronoiHeightNode,__option_IsSamplingEnabledOption,__option_sample_option
SplineVoronoiHeightNode,SampleCountInput,samples_input
SplineVoronoiHeightNode,SizeInput,size_input
SplineVoronoiHeightNode,SplineWrapperInput,spline_input
StampNode,__option_EasingTypeOption,__option_type_option
StampNode,GridInput,grid_input
StampNode,MaskGridInput,mask_input
StampNode,RadiusInput,radius_input
StampNode,StampGridInput,stamp_input
StepNode,GridInput,grid_input
StepNode,ThresholdInput,threshold_input
TextureHeightNode,TextureInput,texture_input
TransformNode,RotationDegreesInput,degrees_input
TransformNode,GridInput,grid_input
TransformNode,ScaleInput,scale_input
TransformNode,TranslationPercentInput,translation_input
VoronoiNoiseHeightNode,OffsetInput,offset_input
VoronoiNoiseHeightNode,PointCountInput,points_input
VoronoiNoiseHeightNode,SeedInput,seed_input
VoronoiNoiseHeightNode,SizeInput,size_input
